Category,Query
Welcome,Hi
Welcome,Hello
Welcome,Greetings
Welcome,Good morning
Welcome,Good afternoon
Welcome,Good evening
Welcome,Hey
Welcome,Howdy
Welcome,Hi there
Welcome,What's up?
Welcome,How are you?
Welcome,Nice to meet you
Welcome,How�s it going?
Welcome,Welcome
Welcome,How�s everything?
Welcome,Howdy-doo
Welcome,Greetings and salutations
Welcome,What's happening?
Welcome,Long time no see
Welcome,Good to see you
Welcome,Hiya
Welcome,Yo
Welcome,Hey there
Welcome,Hello there
Welcome,Hiya there
Welcome,How�s your day?
Divisions,What are the different divisions of the DoJ? 
Divisions,List the divisions within the Department of Justice. 
Divisions,How many divisions are there in the DoJ? 
Divisions,Can you provide information on the DoJ's divisions? 
Divisions,Explain the divisions of the Department of Justice. 
Divisions,What divisions does the DoJ consist of? 
Divisions,Give details about the divisions in DoJ. 
Divisions,DoJ divisions and their functions. 
Divisions,Which divisions are under the DoJ? 
Divisions,Names of divisions in the Department of Justice. 
Divisions,What are the different divisions of the DoJ? 
Divisions,List the divisions within the Department of Justice. 
Divisions,How many divisions are there in the DoJ? 
Divisions,Can you provide information on the DoJ's divisions? 
Divisions,Explain the divisions of the Department of Justice. 
Divisions,What divisions does the DoJ consist of? 
Divisions,Give details about the divisions in DoJ. 
Divisions,DoJ divisions and their functions. 
Divisions,Which divisions are under the DoJ? 
Divisions,Names of divisions in the Department of Justice. 
Divisions,What are the different divisions of the DoJ? 
Divisions,List the divisions within the Department of Justice. 
Divisions,How many divisions are there in the DoJ? 
Divisions,Can you provide information on the DoJ's divisions? 
Divisions,Explain the divisions of the Department of Justice. 
Divisions,What divisions does the DoJ consist of? 
Divisions,Give details about the divisions in DoJ. 
Divisions,DoJ divisions and their functions. 
Divisions,Which divisions are under the DoJ? 
Divisions,Names of divisions in the Department of Justice. 
Divisions,What are the different divisions of the DoJ? 
Divisions,List the divisions within the Department of Justice. 
Divisions,How many divisions are there in the DoJ? 
Divisions,Can you provide information on the DoJ's divisions? 
Divisions,Explain the divisions of the Department of Justice. 
Divisions,What divisions does the DoJ consist of? 
Divisions,Give details about the divisions in DoJ. 
Divisions,DoJ divisions and their functions. 
Divisions,Which divisions are under the DoJ? 
Divisions,Names of divisions in the Department of Justice. 
Divisions,What are the different divisions of the DoJ? 
Divisions,List the divisions within the Department of Justice. 
Divisions,How many divisions are there in the DoJ? 
Divisions,Can you provide information on the DoJ's divisions? 
Divisions,Explain the divisions of the Department of Justice. 
Divisions,What divisions does the DoJ consist of? 
Divisions,Give details about the divisions in DoJ. 
Divisions,DoJ divisions and their functions. 
Divisions,Which divisions are under the DoJ? 
Divisions,Names of divisions in the Department of Justice. 
Divisions,What are the different divisions of the DoJ? 
Divisions,List the divisions within the Department of Justice. 
Divisions,How many divisions are there in the DoJ? 
Divisions,Can you provide information on the DoJ's divisions? 
Divisions,Explain the divisions of the Department of Justice. 
Divisions,What divisions does the DoJ consist of? 
Divisions,Give details about the divisions in DoJ. 
Divisions,DoJ divisions and their functions. 
Divisions,Which divisions are under the DoJ? 
Divisions,Names of divisions in the Department of Justice. 
Divisions,What are the different divisions of the DoJ? 
Divisions,List the divisions within the Department of Justice. 
Divisions,How many divisions are there in the DoJ? 
Divisions,Can you provide information on the DoJ's divisions? 
Divisions,Explain the divisions of the Department of Justice. 
Divisions,What divisions does the DoJ consist of? 
Divisions,Give details about the divisions in DoJ. 
Divisions,DoJ divisions and their functions. 
Divisions,Which divisions are under the DoJ? 
Divisions,Names of divisions in the Department of Justice. 
Divisions,What are the different divisions of the DoJ? 
Divisions,List the divisions within the Department of Justice. 
Divisions,How many divisions are there in the DoJ? 
Divisions,Can you provide information on the DoJ's divisions? 
Divisions,Explain the divisions of the Department of Justice. 
Divisions,What divisions does the DoJ consist of? 
Divisions,Give details about the divisions in DoJ. 
Divisions,DoJ divisions and their functions. 
Divisions,Which divisions are under the DoJ? 
Divisions,Names of divisions in the Department of Justice. 
Divisions,What are the different divisions of the DoJ? 
Divisions,List the divisions within the Department of Justice. 
Divisions,How many divisions are there in the DoJ? 
Divisions,Can you provide information on the DoJ's divisions? 
Divisions,Explain the divisions of the Department of Justice. 
Divisions,What divisions does the DoJ consist of? 
Divisions,Give details about the divisions in DoJ. 
Divisions,DoJ divisions and their functions. 
Divisions,Which divisions are under the DoJ? 
Divisions,Names of divisions in the Department of Justice. 
Divisions,What are the different divisions of the DoJ? 
Divisions,List the divisions within the Department of Justice. 
Divisions,How many divisions are there in the DoJ? 
Divisions,Can you provide information on the DoJ's divisions? 
Divisions,Explain the divisions of the Department of Justice. 
Divisions,What divisions does the DoJ consist of? 
Divisions,Give details about the divisions in DoJ. 
Divisions,DoJ divisions and their functions. 
Divisions,Which divisions are under the DoJ? 
Divisions,Names of divisions in the Department of Justice. 
Divisions,What are the different divisions of the DoJ? 
Divisions,List the divisions within the Department of Justice. 
Divisions,How many divisions are there in the DoJ? 
Divisions,Can you provide information on the DoJ's divisions? 
Divisions,Explain the divisions of the Department of Justice. 
Divisions,What divisions does the DoJ consist of? 
Divisions,Give details about the divisions in DoJ. 
Divisions,DoJ divisions and their functions. 
Divisions,Which divisions are under the DoJ? 
Divisions,Names of divisions in the Department of Justice. 
Divisions,What are the different divisions of the DoJ? 
Divisions,List the divisions within the Department of Justice. 
Divisions,How many divisions are there in the DoJ? 
Divisions,Can you provide information on the DoJ's divisions? 
Divisions,Explain the divisions of the Department of Justice. 
Divisions,What divisions does the DoJ consist of? 
Divisions,Give details about the divisions in DoJ. 
Divisions,DoJ divisions and their functions. 
Divisions,Which divisions are under the DoJ? 
Divisions,Names of divisions in the Department of Justice. 
Divisions,What are the different divisions of the DoJ? 
Divisions,List the divisions within the Department of Justice. 
Divisions,How many divisions are there in the DoJ? 
Divisions,Can you provide information on the DoJ's divisions? 
Divisions,Explain the divisions of the Department of Justice. 
Divisions,What divisions does the DoJ consist of? 
Divisions,Give details about the divisions in DoJ. 
Divisions,DoJ divisions and their functions. 
Divisions,Which divisions are under the DoJ? 
Divisions,Names of divisions in the Department of Justice. 
Divisions,What are the different divisions of the DoJ? 
Divisions,List the divisions within the Department of Justice. 
Divisions,How many divisions are there in the DoJ? 
Divisions,Can you provide information on the DoJ's divisions? 
Divisions,Explain the divisions of the Department of Justice. 
Divisions,What divisions does the DoJ consist of? 
Divisions,Give details about the divisions in DoJ. 
Divisions,DoJ divisions and their functions. 
Divisions,Which divisions are under the DoJ? 
Divisions,Names of divisions in the Department of Justice. 
Divisions,What are the different divisions of the DoJ? 
Divisions,List the divisions within the Department of Justice. 
Divisions,How many divisions are there in the DoJ? 
Divisions,Can you provide information on the DoJ's divisions? 
Divisions,Explain the divisions of the Department of Justice. 
Divisions,What divisions does the DoJ consist of? 
Divisions,Give details about the divisions in DoJ. 
Divisions,DoJ divisions and their functions. 
Divisions,Which divisions are under the DoJ? 
Divisions,Names of divisions in the Department of Justice. 
Divisions,What are the different divisions of the DoJ? 
Divisions,List the divisions within the Department of Justice. 
Divisions,How many divisions are there in the DoJ? 
Divisions,Can you provide information on the DoJ's divisions? 
Divisions,Explain the divisions of the Department of Justice. 
Divisions,What divisions does the DoJ consist of? 
Divisions,Give details about the divisions in DoJ. 
Divisions,DoJ divisions and their functions. 
Divisions,Which divisions are under the DoJ? 
Divisions,Names of divisions in the Department of Justice. 
Divisions,What are the different divisions of the DoJ? 
Divisions,List the divisions within the Department of Justice. 
Divisions,How many divisions are there in the DoJ? 
Divisions,Can you provide information on the DoJ's divisions? 
Divisions,Explain the divisions of the Department of Justice. 
Divisions,What divisions does the DoJ consist of? 
Divisions,Give details about the divisions in DoJ. 
Divisions,DoJ divisions and their functions. 
Divisions,Which divisions are under the DoJ? 
Divisions,Names of divisions in the Department of Justice. 
Divisions,What are the different divisions of the DoJ? 
Divisions,List the divisions within the Department of Justice. 
Divisions,How many divisions are there in the DoJ? 
Divisions,Can you provide information on the DoJ's divisions? 
Divisions,Explain the divisions of the Department of Justice. 
Divisions,What divisions does the DoJ consist of? 
Divisions,Give details about the divisions in DoJ. 
Divisions,DoJ divisions and their functions. 
Divisions,Which divisions are under the DoJ? 
Divisions,Names of divisions in the Department of Justice. 
Divisions,What are the different divisions of the DoJ? 
Divisions,List the divisions within the Department of Justice. 
Divisions,How many divisions are there in the DoJ? 
Divisions,Can you provide information on the DoJ's divisions? 
Divisions,Explain the divisions of the Department of Justice. 
Divisions,What divisions does the DoJ consist of? 
Divisions,Give details about the divisions in DoJ. 
Divisions,DoJ divisions and their functions. 
Divisions,Which divisions are under the DoJ? 
Divisions,Names of divisions in the Department of Justice. 
Divisions,What are the different divisions of the DoJ? 
Divisions,List the divisions within the Department of Justice. 
Divisions,How many divisions are there in the DoJ? 
Divisions,Can you provide information on the DoJ's divisions? 
Divisions,Explain the divisions of the Department of Justice. 
Divisions,What divisions does the DoJ consist of? 
Divisions,Give details about the divisions in DoJ. 
Divisions,DoJ divisions and their functions. 
Divisions,Which divisions are under the DoJ? 
Divisions,Names of divisions in the Department of Justice. 
Divisions,What are the different divisions of the DoJ? 
Divisions,List the divisions within the Department of Justice. 
Divisions,How many divisions are there in the DoJ? 
Divisions,Can you provide information on the DoJ's divisions? 
Divisions,Explain the divisions of the Department of Justice. 
Divisions,What divisions does the DoJ consist of? 
Divisions,Give details about the divisions in DoJ. 
Divisions,DoJ divisions and their functions. 
Divisions,Which divisions are under the DoJ? 
Divisions,Names of divisions in the Department of Justice. 
Divisions,What are the different divisions of the DoJ? 
Divisions,List the divisions within the Department of Justice. 
Divisions,How many divisions are there in the DoJ? 
Divisions,Can you provide information on the DoJ's divisions? 
Divisions,Explain the divisions of the Department of Justice. 
Divisions,What divisions does the DoJ consist of? 
Divisions,Give details about the divisions in DoJ. 
Divisions,DoJ divisions and their functions. 
Divisions,Which divisions are under the DoJ? 
Divisions,Names of divisions in the Department of Justice. 
Divisions,What are the different divisions of the DoJ? 
Divisions,List the divisions within the Department of Justice. 
Divisions,How many divisions are there in the DoJ? 
Divisions,Can you provide information on the DoJ's divisions? 
Divisions,Explain the divisions of the Department of Justice. 
Divisions,What divisions does the DoJ consist of? 
Divisions,Give details about the divisions in DoJ. 
Divisions,DoJ divisions and their functions. 
Divisions,Which divisions are under the DoJ? 
Divisions,Names of divisions in the Department of Justice. 
Divisions,What are the different divisions of the DoJ? 
Divisions,List the divisions within the Department of Justice. 
Divisions,How many divisions are there in the DoJ? 
Divisions,Can you provide information on the DoJ's divisions? 
Divisions,Explain the divisions of the Department of Justice. 
Divisions,What divisions does the DoJ consist of? 
Divisions,Give details about the divisions in DoJ. 
Divisions,DoJ divisions and their functions. 
Divisions,Which divisions are under the DoJ? 
Divisions,Names of divisions in the Department of Justice. 
Divisions,What are the different divisions of the DoJ? 
Divisions,List the divisions within the Department of Justice. 
Divisions,How many divisions are there in the DoJ? 
Divisions,Can you provide information on the DoJ's divisions? 
Divisions,Explain the divisions of the Department of Justice. 
Divisions,What divisions does the DoJ consist of? 
Divisions,Give details about the divisions in DoJ. 
Divisions,DoJ divisions and their functions. 
Divisions,Which divisions are under the DoJ? 
Divisions,Names of divisions in the Department of Justice. 
Divisions,What are the different divisions of the DoJ? 
Divisions,List the divisions within the Department of Justice. 
Divisions,How many divisions are there in the DoJ? 
Divisions,Can you provide information on the DoJ's divisions? 
Divisions,Explain the divisions of the Department of Justice. 
Divisions,What divisions does the DoJ consist of? 
Divisions,Give details about the divisions in DoJ. 
Divisions,DoJ divisions and their functions. 
Divisions,Which divisions are under the DoJ? 
Divisions,Names of divisions in the Department of Justice. 
Divisions,What are the different divisions of the DoJ? 
Divisions,List the divisions within the Department of Justice. 
Divisions,How many divisions are there in the DoJ? 
Divisions,Can you provide information on the DoJ's divisions? 
Divisions,Explain the divisions of the Department of Justice. 
Divisions,What divisions does the DoJ consist of? 
Divisions,Give details about the divisions in DoJ. 
Divisions,DoJ divisions and their functions. 
Divisions,Which divisions are under the DoJ? 
Divisions,Names of divisions in the Department of Justice. 
Divisions,What are the different divisions of the DoJ? 
Divisions,List the divisions within the Department of Justice. 
Divisions,How many divisions are there in the DoJ? 
Divisions,Can you provide information on the DoJ's divisions? 
Divisions,Explain the divisions of the Department of Justice. 
Divisions,What divisions does the DoJ consist of? 
Divisions,Give details about the divisions in DoJ. 
Divisions,DoJ divisions and their functions. 
Divisions,Which divisions are under the DoJ? 
Divisions,Names of divisions in the Department of Justice. 
Divisions,What are the different divisions of the DoJ? 
Divisions,List the divisions within the Department of Justice. 
Divisions,How many divisions are there in the DoJ? 
Divisions,Can you provide information on the DoJ's divisions? 
Divisions,Explain the divisions of the Department of Justice. 
Divisions,What divisions does the DoJ consist of? 
Divisions,Give details about the divisions in DoJ. 
Divisions,DoJ divisions and their functions. 
Divisions,Which divisions are under the DoJ? 
Divisions,Names of divisions in the Department of Justice. 
Divisions,What are the different divisions of the DoJ? 
Divisions,List the divisions within the Department of Justice. 
Divisions,How many divisions are there in the DoJ? 
Divisions,Can you provide information on the DoJ's divisions? 
Divisions,Explain the divisions of the Department of Justice. 
Divisions,What divisions does the DoJ consist of? 
Divisions,Give details about the divisions in DoJ. 
Divisions,DoJ divisions and their functions. 
Divisions,Which divisions are under the DoJ? 
Divisions,Names of divisions in the Department of Justice. 
Case pendency,What are the case pendency statistics? 
Case pendency,Case statistics from NJDG. 
Case pendency,How many cases are pending according to NJDG? 
Case pendency,Provide NJDG case pendency data. 
Case pendency,Latest case pendency statistics from NJDG. 
Case pendency,Can I get NJDG case data? 
Case pendency,How many pending cases are there in NJDG? 
Case pendency,Case pendency information through NJDG. 
Case pendency,NJDG pending case statistics. 
Case pendency,Number of pending cases as per NJDG. 
Case pendency,What are the case pendency statistics? 
Case pendency,Case statistics from NJDG. 
Case pendency,How many cases are pending according to NJDG? 
Case pendency,Provide NJDG case pendency data. 
Case pendency,Latest case pendency statistics from NJDG. 
Case pendency,Can I get NJDG case data? 
Case pendency,How many pending cases are there in NJDG? 
Case pendency,Case pendency information through NJDG. 
Case pendency,NJDG pending case statistics. 
Case pendency,Number of pending cases as per NJDG. 
Case pendency,What are the case pendency statistics? 
Case pendency,Case statistics from NJDG. 
Case pendency,How many cases are pending according to NJDG? 
Case pendency,Provide NJDG case pendency data. 
Case pendency,Latest case pendency statistics from NJDG. 
Case pendency,Can I get NJDG case data? 
Case pendency,How many pending cases are there in NJDG? 
Case pendency,Case pendency information through NJDG. 
Case pendency,NJDG pending case statistics. 
Case pendency,Number of pending cases as per NJDG. 
Case pendency,What are the case pendency statistics? 
Case pendency,Case statistics from NJDG. 
Case pendency,How many cases are pending according to NJDG? 
Case pendency,Provide NJDG case pendency data. 
Case pendency,Latest case pendency statistics from NJDG. 
Case pendency,Can I get NJDG case data? 
Case pendency,How many pending cases are there in NJDG? 
Case pendency,Case pendency information through NJDG. 
Case pendency,NJDG pending case statistics. 
Case pendency,Number of pending cases as per NJDG. 
Case pendency,What are the case pendency statistics? 
Case pendency,Case statistics from NJDG. 
Case pendency,How many cases are pending according to NJDG? 
Case pendency,Provide NJDG case pendency data. 
Case pendency,Latest case pendency statistics from NJDG. 
Case pendency,Can I get NJDG case data? 
Case pendency,How many pending cases are there in NJDG? 
Case pendency,Case pendency information through NJDG. 
Case pendency,NJDG pending case statistics. 
Case pendency,Number of pending cases as per NJDG. 
Case pendency,What are the case pendency statistics? 
Case pendency,Case statistics from NJDG. 
Case pendency,How many cases are pending according to NJDG? 
Case pendency,Provide NJDG case pendency data. 
Case pendency,Latest case pendency statistics from NJDG. 
Case pendency,Can I get NJDG case data? 
Case pendency,How many pending cases are there in NJDG? 
Case pendency,Case pendency information through NJDG. 
Case pendency,NJDG pending case statistics. 
Case pendency,Number of pending cases as per NJDG. 
Case pendency,What are the case pendency statistics? 
Case pendency,Case statistics from NJDG. 
Case pendency,How many cases are pending according to NJDG? 
Case pendency,Provide NJDG case pendency data. 
Case pendency,Latest case pendency statistics from NJDG. 
Case pendency,Can I get NJDG case data? 
Case pendency,How many pending cases are there in NJDG? 
Case pendency,Case pendency information through NJDG. 
Case pendency,NJDG pending case statistics. 
Case pendency,Number of pending cases as per NJDG. 
Case pendency,What are the case pendency statistics? 
Case pendency,Case statistics from NJDG. 
Case pendency,How many cases are pending according to NJDG? 
Case pendency,Provide NJDG case pendency data. 
Case pendency,Latest case pendency statistics from NJDG. 
Case pendency,Can I get NJDG case data? 
Case pendency,How many pending cases are there in NJDG? 
Case pendency,Case pendency information through NJDG. 
Case pendency,NJDG pending case statistics. 
Case pendency,Number of pending cases as per NJDG. 
Case pendency,What are the case pendency statistics? 
Case pendency,Case statistics from NJDG. 
Case pendency,How many cases are pending according to NJDG? 
Case pendency,Provide NJDG case pendency data. 
Case pendency,Latest case pendency statistics from NJDG. 
Case pendency,Can I get NJDG case data? 
Case pendency,How many pending cases are there in NJDG? 
Case pendency,Case pendency information through NJDG. 
Case pendency,NJDG pending case statistics. 
Case pendency,Number of pending cases as per NJDG. 
Case pendency,What are the case pendency statistics? 
Case pendency,Case statistics from NJDG. 
Case pendency,How many cases are pending according to NJDG? 
Case pendency,Provide NJDG case pendency data. 
Case pendency,Latest case pendency statistics from NJDG. 
Case pendency,Can I get NJDG case data? 
Case pendency,How many pending cases are there in NJDG? 
Case pendency,Case pendency information through NJDG. 
Case pendency,NJDG pending case statistics. 
Case pendency,Number of pending cases as per NJDG. 
Case pendency,What are the case pendency statistics? 
Case pendency,Case statistics from NJDG. 
Case pendency,How many cases are pending according to NJDG? 
Case pendency,Provide NJDG case pendency data. 
Case pendency,Latest case pendency statistics from NJDG. 
Case pendency,Can I get NJDG case data? 
Case pendency,How many pending cases are there in NJDG? 
Case pendency,Case pendency information through NJDG. 
Case pendency,NJDG pending case statistics. 
Case pendency,Number of pending cases as per NJDG. 
Case pendency,What are the case pendency statistics? 
Case pendency,Case statistics from NJDG. 
Case pendency,How many cases are pending according to NJDG? 
Case pendency,Provide NJDG case pendency data. 
Case pendency,Latest case pendency statistics from NJDG. 
Case pendency,Can I get NJDG case data? 
Case pendency,How many pending cases are there in NJDG? 
Case pendency,Case pendency information through NJDG. 
Case pendency,NJDG pending case statistics. 
Case pendency,Number of pending cases as per NJDG. 
Case pendency,What are the case pendency statistics? 
Case pendency,Case statistics from NJDG. 
Case pendency,How many cases are pending according to NJDG? 
Case pendency,Provide NJDG case pendency data. 
Case pendency,Latest case pendency statistics from NJDG. 
Case pendency,Can I get NJDG case data? 
Case pendency,How many pending cases are there in NJDG? 
Case pendency,Case pendency information through NJDG. 
Case pendency,NJDG pending case statistics. 
Case pendency,Number of pending cases as per NJDG. 
Case pendency,What are the case pendency statistics? 
Case pendency,Case statistics from NJDG. 
Case pendency,How many cases are pending according to NJDG? 
Case pendency,Provide NJDG case pendency data. 
Case pendency,Latest case pendency statistics from NJDG. 
Case pendency,Can I get NJDG case data? 
Case pendency,How many pending cases are there in NJDG? 
Case pendency,Case pendency information through NJDG. 
Case pendency,NJDG pending case statistics. 
Case pendency,Number of pending cases as per NJDG. 
Case pendency,What are the case pendency statistics? 
Case pendency,Case statistics from NJDG. 
Case pendency,How many cases are pending according to NJDG? 
Case pendency,Provide NJDG case pendency data. 
Case pendency,Latest case pendency statistics from NJDG. 
Case pendency,Can I get NJDG case data? 
Case pendency,How many pending cases are there in NJDG? 
Case pendency,Case pendency information through NJDG. 
Case pendency,NJDG pending case statistics. 
Case pendency,Number of pending cases as per NJDG. 
Case pendency,What are the case pendency statistics? 
Case pendency,Case statistics from NJDG. 
Case pendency,How many cases are pending according to NJDG? 
Case pendency,Provide NJDG case pendency data. 
Case pendency,Latest case pendency statistics from NJDG. 
Case pendency,Can I get NJDG case data? 
Case pendency,How many pending cases are there in NJDG? 
Case pendency,Case pendency information through NJDG. 
Case pendency,NJDG pending case statistics. 
Case pendency,Number of pending cases as per NJDG. 
Case pendency,What are the case pendency statistics? 
Case pendency,Case statistics from NJDG. 
Case pendency,How many cases are pending according to NJDG? 
Case pendency,Provide NJDG case pendency data. 
Case pendency,Latest case pendency statistics from NJDG. 
Case pendency,Can I get NJDG case data? 
Case pendency,How many pending cases are there in NJDG? 
Case pendency,Case pendency information through NJDG. 
Case pendency,NJDG pending case statistics. 
Case pendency,Number of pending cases as per NJDG. 
Case pendency,What are the case pendency statistics? 
Case pendency,Case statistics from NJDG. 
Case pendency,How many cases are pending according to NJDG? 
Case pendency,Provide NJDG case pendency data. 
Case pendency,Latest case pendency statistics from NJDG. 
Case pendency,Can I get NJDG case data? 
Case pendency,How many pending cases are there in NJDG? 
Case pendency,Case pendency information through NJDG. 
Case pendency,NJDG pending case statistics. 
Case pendency,Number of pending cases as per NJDG. 
Case pendency,What are the case pendency statistics? 
Case pendency,Case statistics from NJDG. 
Case pendency,How many cases are pending according to NJDG? 
Case pendency,Provide NJDG case pendency data. 
Case pendency,Latest case pendency statistics from NJDG. 
Case pendency,Can I get NJDG case data? 
Case pendency,How many pending cases are there in NJDG? 
Case pendency,Case pendency information through NJDG. 
Case pendency,NJDG pending case statistics. 
Case pendency,Number of pending cases as per NJDG. 
Case pendency,What are the case pendency statistics? 
Case pendency,Case statistics from NJDG. 
Case pendency,How many cases are pending according to NJDG? 
Case pendency,Provide NJDG case pendency data. 
Case pendency,Latest case pendency statistics from NJDG. 
Case pendency,Can I get NJDG case data? 
Case pendency,How many pending cases are there in NJDG? 
Case pendency,Case pendency information through NJDG. 
Case pendency,NJDG pending case statistics. 
Case pendency,Number of pending cases as per NJDG. 
Case pendency,What are the case pendency statistics? 
Case pendency,Case statistics from NJDG. 
Case pendency,How many cases are pending according to NJDG? 
Case pendency,Provide NJDG case pendency data. 
Case pendency,Latest case pendency statistics from NJDG. 
Case pendency,Can I get NJDG case data? 
Case pendency,How many pending cases are there in NJDG? 
Case pendency,Case pendency information through NJDG. 
Case pendency,NJDG pending case statistics. 
Case pendency,Number of pending cases as per NJDG. 
Case pendency,What are the case pendency statistics? 
Case pendency,Case statistics from NJDG. 
Case pendency,How many cases are pending according to NJDG? 
Case pendency,Provide NJDG case pendency data. 
Case pendency,Latest case pendency statistics from NJDG. 
Case pendency,Can I get NJDG case data? 
Case pendency,How many pending cases are there in NJDG? 
Case pendency,Case pendency information through NJDG. 
Case pendency,NJDG pending case statistics. 
Case pendency,Number of pending cases as per NJDG. 
Case pendency,What are the case pendency statistics? 
Case pendency,Case statistics from NJDG. 
Case pendency,How many cases are pending according to NJDG? 
Case pendency,Provide NJDG case pendency data. 
Case pendency,Latest case pendency statistics from NJDG. 
Case pendency,Can I get NJDG case data? 
Case pendency,How many pending cases are there in NJDG? 
Case pendency,Case pendency information through NJDG. 
Case pendency,NJDG pending case statistics. 
Case pendency,Number of pending cases as per NJDG. 
Case pendency,What are the case pendency statistics? 
Case pendency,Case statistics from NJDG. 
Case pendency,How many cases are pending according to NJDG? 
Case pendency,Provide NJDG case pendency data. 
Case pendency,Latest case pendency statistics from NJDG. 
Case pendency,Can I get NJDG case data? 
Case pendency,How many pending cases are there in NJDG? 
Case pendency,Case pendency information through NJDG. 
Case pendency,NJDG pending case statistics. 
Case pendency,Number of pending cases as per NJDG. 
Case pendency,What are the case pendency statistics? 
Case pendency,Case statistics from NJDG. 
Case pendency,How many cases are pending according to NJDG? 
Case pendency,Provide NJDG case pendency data. 
Case pendency,Latest case pendency statistics from NJDG. 
Case pendency,Can I get NJDG case data? 
Case pendency,How many pending cases are there in NJDG? 
Case pendency,Case pendency information through NJDG. 
Case pendency,NJDG pending case statistics. 
Case pendency,Number of pending cases as per NJDG. 
Case pendency,What are the case pendency statistics? 
Case pendency,Case statistics from NJDG. 
Case pendency,How many cases are pending according to NJDG? 
Case pendency,Provide NJDG case pendency data. 
Case pendency,Latest case pendency statistics from NJDG. 
Case pendency,Can I get NJDG case data? 
Case pendency,How many pending cases are there in NJDG? 
Case pendency,Case pendency information through NJDG. 
Case pendency,NJDG pending case statistics. 
Case pendency,Number of pending cases as per NJDG. 
Case pendency,What are the case pendency statistics? 
Case pendency,Case statistics from NJDG. 
Case pendency,How many cases are pending according to NJDG? 
Case pendency,Provide NJDG case pendency data. 
Case pendency,Latest case pendency statistics from NJDG. 
Case pendency,Can I get NJDG case data? 
Case pendency,How many pending cases are there in NJDG? 
Case pendency,Case pendency information through NJDG. 
Case pendency,NJDG pending case statistics. 
Case pendency,Number of pending cases as per NJDG. 
Case pendency,What are the case pendency statistics? 
Case pendency,Case statistics from NJDG. 
Case pendency,How many cases are pending according to NJDG? 
Case pendency,Provide NJDG case pendency data. 
Case pendency,Latest case pendency statistics from NJDG. 
Case pendency,Can I get NJDG case data? 
Case pendency,How many pending cases are there in NJDG? 
Case pendency,Case pendency information through NJDG. 
Case pendency,NJDG pending case statistics. 
Case pendency,Number of pending cases as per NJDG. 
Case pendency,What are the case pendency statistics? 
Case pendency,Case statistics from NJDG. 
Case pendency,How many cases are pending according to NJDG? 
Case pendency,Provide NJDG case pendency data. 
Case pendency,Latest case pendency statistics from NJDG. 
Case pendency,Can I get NJDG case data? 
Case pendency,How many pending cases are there in NJDG? 
Case pendency,Case pendency information through NJDG. 
Case pendency,NJDG pending case statistics. 
Case pendency,Number of pending cases as per NJDG. 
Case pendency,What are the case pendency statistics? 
Case pendency,Case statistics from NJDG. 
Case pendency,How many cases are pending according to NJDG? 
Case pendency,Provide NJDG case pendency data. 
Case pendency,Latest case pendency statistics from NJDG. 
Case pendency,Can I get NJDG case data? 
Case pendency,How many pending cases are there in NJDG? 
Case pendency,Case pendency information through NJDG. 
Case pendency,NJDG pending case statistics. 
Case pendency,Number of pending cases as per NJDG.
Judges Appointed,Who are the currently appointed judges in the court?
Judges Appointed,What is the current list of judges in the court?
Judges Appointed,Who are the serving judges in the court?
Judges Appointed,Who are the current judicial officers in the court?
Judges Appointed,What is the current composition of the court's bench?
Judges Appointed,Who are the sitting judges in the court?
Judges Appointed,Who are the active judges in the court?
Judges Appointed,What is the current roster of judges in the court?
Judges Appointed,Who are the judges currently presiding over cases in the court?
Judges Appointed,What is the current list of judges on the bench of the court?
Judges Appointed,Judicial appointments in the last year. 
Judges Appointed,What is the current number of appointed judges? 
Judges Appointed,Details on judge appointments and vacancies. 
Judges Appointed,Who are the current judges of the Supreme Court of India?
Judges Appointed,What is the current composition of the High Court bench?
Judges Appointed,Who are the serving judges in the District Court of [City]?
Judges Appointed,Who are the current judges of the Family Court in [City]?
Judges Appointed,What is the current roster of judges in the Labor Court of [City]?
Judges Appointed,Who are the sitting judges in the Consumer Court of [City]?
Judges Appointed,Who are the active judges in the Industrial Court of [State]?
Judges Appointed,What is the current composition of the Green Tribunal bench?
Judges Appointed,Who are the judges currently presiding over cases in the National Green Tribunal?
Judges Appointed,What is the current list of judges on the bench of the Central Administrative Tribunal?
Judges Appointed,How many judges have been appointed? 
Judges Appointed,Number of judges appointed recently. 
Judges Appointed,Judicial appointments in the last year. 
Judges Appointed,What is the current number of appointed judges? 
Judges Appointed,Details on judge appointments and vacancies. 
Judges Appointed,How many judge positions are currently vacant? 
Judges Appointed,Current judge vacancies and appointments. 
Judges Appointed,Number of judges appointed this year. 
Judges Appointed,How many judges have been appointed? 
Judges Appointed,Number of judges appointed recently. 
Judges Appointed,Judicial appointments in the last year. 
Judges Appointed,What is the current number of appointed judges? 
Judges Appointed,Who are the judges presently serving in the court?
Judges Appointed,Can you provide the names of the currently appointed judges in the court?
Judges Appointed,Who is currently holding the judicial office in the court?
Judges Appointed,What is the present bench composition of the court?
Judges Appointed,Who are the current judges delivering verdicts in the court?
Judges Appointed,Who are the current members of the court's judiciary?
Judges Appointed,Who are the judicial authorities currently in charge in the court?
Judges Appointed,What is the updated list of sitting judges in the court?
Judges Appointed,Who are the currently active members of the bench in the court?
Judges Appointed,Can you give the list of judges currently serving in the court?
Judges Appointed,Who are the present judges handling cases in the court?
Judges Appointed,What is the current roster of serving judges in the court?
Judges Appointed,Who are the judges currently assigned to the court?
Judges Appointed,Who are the judicial officers currently working in the court?
Judges Appointed,Who are the current adjudicators in the court?
Judges Appointed,Who are the presiding judges in the court at present?
Judges Appointed,What is the current list of judicial officers in the court?
Judges Appointed,Who are the current members of the bench in the court?
Judges Appointed,What is the updated roster of judges serving in the court?
Judges Appointed,Who are the currently appointed members of the judiciary in the court?
Judges Appointed,Who are the current officers presiding over judicial matters in the court?
Judges Appointed,What is the current setup of judges in the court?
Judges Appointed,Who are the judicial officials currently holding office in the court?
Judges Appointed,Can you tell me the current list of judges in the court?
Judges Appointed,Who are the judges presently on the bench in the court?
Judges Appointed,What is the list of judges currently involved in hearings in the court?
Judges Appointed,Who are the members of the court�s judiciary serving now?
Judges Appointed,Who are the judges currently delivering judgments in the court?
Judges Appointed,Who are the judicial officers currently presiding in the court?
Judges Appointed,Who are the presently assigned judges in the court?
Judges Appointed,What is the current list of judicial officials in the court?
Judges Appointed,Who are the present members of the court's bench?
Judges Appointed,Who are the judges currently officiating in the court?
Judges Appointed,Who are the judicial officers assigned to the court at present?
Judges Appointed,Who are the active members of the bench in the court?
Judges Appointed,What is the current bench composition of judges in the court?
Judges Appointed,Who are the judges presently presiding in the court?
Judges Appointed,What is the list of currently serving judicial officers in the court?
Judges Appointed,Who are the currently assigned members of the judiciary in the court?
Judges Appointed,Who are the present judges on the bench in the court?
Judges Appointed,Who are the currently sitting judges in the court?
Judges Appointed,Who are the judges currently handling court proceedings?
Judges Appointed,Who are the judicial officers currently officiating in the court?
Judges Appointed,What is the list of judges currently presiding over cases in the court?
Judges Appointed,Who are the current bench members in the court?
Judges Appointed,Who are the serving judicial officers in the court?
Judges Appointed,What is the current list of judges hearing cases in the court?
Judges Appointed,Who are the presently active judges in the court?
Judges Appointed,Who are the currently appointed members of the court�s bench?
Judges Appointed,What is the current composition of the judiciary in the court?
Judges Vacancy,What is the current number of vacancies for judges in Indian courts?
Judges Vacancy,How many vacancies are there in the Supreme Court of India?
Judges Vacancy,How many vacancies are there in the High Courts of India?
Judges Vacancy,How many vacancies are there in the District Courts of India?
Judges Vacancy,How many vacancies are there in other lower courts in India?
Judges Vacancy,What is the average time taken to fill a judge's vacancy in India?
Judges Vacancy,Are there any delays in filling judges' vacancies in India?
Judges Vacancy,What is the impact of judges' vacancies on the functioning of Indian courts?
Judges Vacancy,Are there any initiatives to address the shortage of judges in India?
Judges Vacancy,What are the challenges in filling judges' vacancies in India?
Judges Vacancy,Current vacancies in different courts. 
Judges Vacancy,What is the current status of judges' vacancies in India?
Judges Vacancy,How many judicial positions are vacant across Indian courts?
Judges Vacancy,What is the current number of vacancies for judges in the High Courts?
Judges Vacancy,How many judges are needed to fill the vacancies in the Supreme Court?
Judges Vacancy,What percentage of judges' positions are vacant in Indian courts?
Judges Vacancy,Are there any unfilled judicial positions in the lower courts of India?
Judges Vacancy,What is the total number of vacant judges' positions in India?
Judges Vacancy,How many positions are vacant for judges in the appellate courts of India?
Judges Vacancy,What is the current vacancy rate for judges in the District Courts?
Judges Vacancy,How long do judicial vacancies remain unfilled in Indian courts?
Judges Vacancy,What are the statistics on judges' vacancies across different courts in India?
Judges Vacancy,Are there any urgent vacancies for judges in the Supreme Court?
Judges Vacancy,How are judges' vacancies affecting case backlogs in India?
Judges Vacancy,How is the government addressing the issue of judges' vacancies?
Judges Vacancy,Are there any proposals to reduce judges' vacancies in Indian courts?
Judges Vacancy,How many judicial vacancies are expected to be filled this year in India?
Judges Vacancy,What is the procedure for filling judicial vacancies in the Supreme Court?
Judges Vacancy,How are vacancies for judges in the High Courts being handled?
Judges Vacancy,What initiatives have been taken to fill the judicial vacancies in India?
Judges Vacancy,What is the effect of judges' vacancies on the speed of trials in Indian courts?
Judges Vacancy,Are there any reforms planned to address the issue of judicial vacancies?
Judges Vacancy,What steps are being taken to recruit new judges in Indian courts?
Judges Vacancy,How are judicial vacancies impacting the justice delivery system in India?
Judges Vacancy,How does the Supreme Court handle its vacancies for judges?
Judges Vacancy,Are there delays in appointing judges to the High Courts?
Judges Vacancy,What measures are being taken to fill vacancies in district-level courts?
Judges Vacancy,What is the current process for addressing judges' vacancies in India?
Judges Vacancy,How many judges' vacancies have been filled in the last year in India?
Judges Vacancy,What are the bottlenecks in filling vacancies in Indian courts?
Judges Vacancy,What is the timeline for appointing judges to fill vacancies in India?
Judges Vacancy,How are unfilled judicial positions affecting court proceedings in India?
Judges Vacancy,What is the Supreme Court's approach to resolving judges' vacancies?
Judges Vacancy,What is the strategy for filling vacant judicial positions in lower courts?
Judges Vacancy,Are there any recruitment drives to fill judicial vacancies in India?
Judges Vacancy,What is the current judge-to-vacancy ratio in Indian courts?
Judges Vacancy,How do judges' vacancies influence the workload of other judges in India?
Judges Vacancy,Are there any constitutional challenges to filling judges' vacancies in India?
Judges Vacancy,How many judge appointments are pending in the Supreme Court?
Judges Vacancy,What is the current procedure to expedite filling judges' vacancies in India?
Judges Vacancy,Are there any special provisions to handle the increasing vacancies of judges?
Judges Vacancy,How do vacancies in the judiciary impact the legal system in India?
Judges Vacancy,Are there any recommendations to speed up the appointment process for judges?
Judges Vacancy,How many vacancies remain unfilled in lower courts across India?
Judges Vacancy,What is the process for selecting candidates to fill judges' vacancies in India?
Judges Vacancy,Are there any bottlenecks in filling Supreme Court judge vacancies?
Judges Vacancy,What efforts are being made to recruit more judges in India?
Judges Vacancy,Are there any obstacles in the appointment of judges to fill vacancies in the High Courts?
Judges Vacancy,How are judicial vacancies in India affecting the backlog of cases?
Judges Vacancy,What is the role of the Collegium in filling judicial vacancies in India?
Judges Vacancy,How many judicial vacancies are filled annually in the Indian legal system?
Live Stream,Does the Supreme Court of India live stream all of its proceedings?
Live Stream,Which high courts in India currently offer live streaming of court proceedings?
Live Stream,Does the Delhi High Court live stream all of its proceedings?
Live Stream,Does the Bombay High Court live stream all of its proceedings?
Live Stream,Does the Calcutta High Court live stream all of its proceedings?
Live Stream,Does the Madras High Court live stream all of its proceedings?
Live Stream,Does the Karnataka High Court live stream all of its proceedings?
Live Stream,Does the Kerala High Court live stream all of its proceedings?
Live Stream,Does the Gujarat High Court live stream all of its proceedings?
Live Stream,Does the Rajasthan High Court live stream all of its proceedings?
Live Stream,Is there a live stream available for Supreme Court hearings?
Live Stream,How can I watch live court proceedings in India?
Live Stream,Where can I find the live stream of High Court cases?
Live Stream,Is live streaming of court cases available in District Courts?
Live Stream,Can I watch live court cases online?
Live Stream,How do I access live streaming of court hearings?
Live Stream,Are live court sessions broadcasted in India?
Live Stream,Is there a live stream for today�s Supreme Court session?
Live Stream,Can I stream the live proceedings of the High Court?
Live Stream,Where can I access live-streamed court sessions in India?
Live Stream,Is there a way to watch ongoing court cases live?
Live Stream,How can I view live court proceedings of the Supreme Court?
Live Stream,Can the public access live court sessions in India?
Live Stream,Are live streams of judicial proceedings available for public viewing?
Live Stream,How do I tune into live-streamed court cases?
Live Stream,Is live streaming available for significant cases in the Supreme Court?
Live Stream,Where can I watch live streaming of landmark case hearings?
Live Stream,What platform broadcasts live court proceedings in India?
Live Stream,Is there live streaming of the Constitutional Bench hearings?
Live Stream,How can I access live broadcasts of court decisions?
Live Stream,Are there live feeds of court trials in Indian courts?
Live Stream,Is it possible to watch live arguments in court cases?
Live Stream,Where can I find the schedule for live court streaming?
Live Stream,Can the public watch live Supreme Court hearings?
Live Stream,How do I stream live proceedings of the High Court?
Live Stream,Is live streaming of court hearings available on mobile devices?
Live Stream,Can I watch live streams of High Court trials?
Live Stream,What website provides live court streaming in India?
Live Stream,Are court proceedings live-streamed for the general public?
Live Stream,Is live streaming of High Court judgments available?
Live Stream,How do I watch a live court trial in India?
Live Stream,Can I watch live streams of constitutional bench hearings?
Live Stream,Is there an official platform for live court broadcasts?
Live Stream,What are the steps to access live streaming of court cases?
Live Stream,Is live streaming of court hearings available on the judiciary's website?
Live Stream,How can I view live coverage of a High Court case?
Live Stream,Is there live streaming available for all court hearings in India?
Live Stream,Can I live-stream a specific case hearing in the Supreme Court?
Live Stream,Where can I view live court sessions of high-profile cases?
Live Stream,How can I find the live stream link for ongoing court trials?
Live Stream,Are all Supreme Court cases available for live streaming?
Live Stream,How do I get access to live court broadcasts for public interest cases?
Live Stream,Is it possible to stream court sessions live from lower courts?
Live Stream,Where can I watch real-time streaming of court judgments?
Live Stream,Can I live-stream proceedings of a specific courtroom?
Live Stream,How do I access live video feeds of judicial proceedings in India?
Live Stream,Are special court hearings available via live stream?
Live Stream,Where can I find a live stream of the day�s court proceedings?
Live Stream,Can live-streamed court sessions be rewatched?
Live Stream,Are live court hearings available in regional languages?
